{"ProjectBreakpoints":"{\"Value\":{},\"CodeBreakpoints\":{}}","Compiler":"2","ProjectWatches":"{\"Value\":[]}","OpenedDocuments":"[{\"DocumentPath\":\"Main.xaml\",\"FactoryId\":\"{ACB8E7BA-F093-44C1-9B50-33ECA51AAE16}\"}]","ProjectActivitiesViewState":"{\"Main.xaml\":[{\"ActivityIdRef\":\"NetHttpRequest_3\",\"IsAdvancedOptionsExpanded\":false,\"Categories\":{\"cURL import\":true,\"Client options\":true,\"Authentication\":true,\"Request options\":true,\"Retry policy\":true,\"Response options\":true,\"Output\":true},\"Widgets\":{}},{\"ActivityIdRef\":\"DeserializeJson`1_1\",\"IsAdvancedOptionsExpanded\":false,\"Categories\":{\"Input\":true,\"Output\":true},\"Widgets\":{}},{\"ActivityIdRef\":\"ForEach`1_1\",\"IsAdvancedOptionsExpanded\":false,\"Categories\":{\"\":true},\"Widgets\":{\"Body\":{\"ShowExpanded\":true}}}]}"}